Stock Name,Date,RSI,Volume Multiple,Market cap,Max Profit (%),Max Loss (%),Time to Max Profit (days),Time to Max Loss (days),Trade Result,Probability of Profit,Binary Prediction
ICICIBANK,20-09-2024,78.09423747,5.846036253,1000000,0,-1.236499485,0,1,Loss,0.7538225,1
KOTAKBANK,20-09-2024,81.63991296,4.810529826,1000000,1.585715472,0,1,0,Profit,0.7424903,1
NTPC,19-09-2024,54.56150611,4.130861308,1000000,0,0,0,0,Loss,0.8097788,1
ADANIGREEN,16-09-2024,54.04263175,8.36326625,1000000,1.222289983,0,1,0,Profit,0.8086842,1
M&M,20-09-2024,68.0511025,5.878561084,1000000,3.353269326,0,1,0,Profit,0.7654813,1
ADANIPOWER,16-09-2024,53.16085451,4.659821383,1000000,0.060059069,0,1,0,Profit,0.8135233,1
JSWSTEEL,20-09-2024,64.3706331,5.012179947,1000000,0.056032581,0,1,0,Profit,0.7785209,1
ATGL,23-09-2024,44.91771379,10.03724299,1000000,0,-2.681506438,0,1,Loss,0.83356,1
IDBI,13-09-2024,48.10701642,12.33079031,870944.576,0,-1.380107021,0,1,Loss,0.8075808,1
MAXHEALTH,20-09-2024,85.16067711,5.250923872,796870.983,0,-1.287513519,0,1,Loss,0.7265892,1
MOTHERSON,18-09-2024,62.56628183,5.121122666,793518.942,0.460424385,0,1,0,Profit,0.7541171,1
NAUKRI,19-09-2024,58.8156418,4.974649478,723515.999,2.582858925,0,1,0,Profit,0.75681746,1
TIINDIA,20-09-2024,58.80758966,4.146851269,722655.959,0,-0.202709606,0,1,Loss,0.75737804,1
TORNTPOWER,18-09-2024,74.82529738,6.634808743,652653.562,0,-4.684673169,0,1,Loss,0.70829296,1
GODREJPROP,23-09-2024,70.61372064,5.08738481,639523.194,0.321080072,0,1,0,Profit,0.7102988,1
MUTHOOTFIN,13-09-2024,55.40759022,4.542234515,594339.941,0.027318087,0,1,0,Profit,0.7494682,1
TATACOMM,25-09-2024,66.1240157,5.025250715,572964,0.820132141,0,1,0,Profit,0.70623124,1
LINDEINDIA,13-09-2024,76.7798265,4.714746622,546573.793,1.083927644,0,1,0,Profit,0.6923025,1
CENTRALBK,20-09-2024,37.73584906,5.621340991,519120.178,4.942061198,0,1,0,Profit,0.79729086,1
GMRINFRA,20-09-2024,52.70334205,4.388996031,492533.134,0.803979843,0,1,0,Profit,0.7434839,1
UBL,19-09-2024,62.20088056,6.55706218,458994.118,0,-1.91269655,0,1,Loss,0.69971776,1
ABCAPITAL,19-09-2024,60.88663109,4.901042238,456033.291,0,-0.544567412,0,1,Loss,0.7058343,1
MAHABANK,23-09-2024,54.08559917,5.595801128,441523.646,0,-2.629911083,0,1,Loss,0.729158,1
KALYANKJIL,13-09-2024,86.61360466,4.779945452,440656.698,0,-2.248442966,0,1,Loss,0.67458916,1
MRPL,18-09-2024,28.01866751,4.389368296,383030.463,0,-3.381813491,0,1,Loss,0.8007797,1
MAZDOCK,20-09-2024,55.15467624,4.686500514,375970.329,0,-1.279124713,0,1,Loss,0.71499217,1
HUDCO,20-09-2024,35.94967691,4.931381534,374855.775,0,-3.027287796,0,1,Loss,0.77820134,1
SUPREMEINF,27-09-2024,100,10.49226417,1708.942,0,0,0,0,Loss,0.82078195,1
MEDANTA,20-09-2024,45.5288696,5.307749725,354685.682,0,-1.420676031,0,1,Loss,0.7469542,1
IRB,20-09-2024,50.20408619,5.940359873,353583.45,0.11096971,0,1,0,Profit,0.72932875,1
BSE,16-09-2024,83.51276199,15.19133508,340593.382,0,-2.858560996,0,1,Loss,0.6498307,1
BSE,18-09-2024,83.05089614,7.08233193,340593.382,0,-4.746992693,0,1,Loss,0.65745664,1
TATAINVEST,23-09-2024,43.47443424,4.71195916,315914.498,0.278583019,0,1,0,Profit,0.7459179,1
IPCALAB,24-09-2024,63.15173998,5.207965961,313933.599,1.246618322,0,1,0,Profit,0.6724235,1
ESCORTS,20-09-2024,71.35724245,8.087419101,306886.82,3.791135683,0,1,0,Profit,0.65687805,1
LLOYDSME,17-09-2024,62.76932538,4.538627432,304162.628,0,-0.54211504,0,1,Loss,0.67181957,1
GLAND,25-09-2024,42.92264401,5.563702059,303927.664,0,-0.505962512,0,1,Loss,0.7441854,1
IGL,17-09-2024,53.73607484,10.57921947,301560.345,0,-2.298846223,0,1,Loss,0.7032511,1
APOLLOTYRE,25-09-2024,68.17416286,4.406912724,296242.836,3.617668285,0,1,0,Profit,0.65923524,1
POWERINDIA,20-09-2024,65.22025354,4.186271909,295472.324,0,-0.630682015,0,1,Loss,0.66332734,1
KPRMILL,19-09-2024,73.76652673,15.44431801,284543.064,2.780897338,0,1,0,Profit,0.650982,1
NATIONALUM,24-09-2024,64.61967623,4.26984883,280178.179,1.942762327,0,1,0,Profit,0.662455,1
GLENMARK,23-09-2024,54.35959828,4.174289296,270463.238,0,-0.873015364,0,1,Loss,0.7005912,1
CARBORUNIV,17-09-2024,52.29392197,6.55614885,241271.539,0,-1.570716667,0,1,Loss,0.70047665,1
ISEC,19-09-2024,79.86812449,4.966086575,235287.872,1.314377291,0,1,0,Profit,0.6432054,1
RADICO,16-09-2024,86.56629614,4.877186305,231026.653,2.432140365,0,1,0,Profit,0.6412308,1
COCHINSHIP,20-09-2024,49.52679236,4.750903212,229353.824,0,-3.577912141,0,1,Loss,0.7088504,1
FIVESTAR,20-09-2024,70.44313383,13.55365177,210282.019,0,-1.829230538,0,1,Loss,0.6422317,1
FIVESTAR,25-09-2024,64.32307155,4.307011063,210282.019,0,-1.330445545,0,1,Loss,0.6513829,1
SWANENERGY,26-09-2024,41.12902318,6.25197929,210000.441,0,-1.037793391,0,1,Loss,0.71904314,1
SKFINDIA,24-09-2024,51.91803,4.014567777,205595.185,0.073075734,0,1,0,Profit,0.69672364,1
SIGNATURE,20-09-2024,55.72103059,4.882603562,190982.131,2.756316283,0,1,0,Profit,0.6793697,1
CHALET,24-09-2024,60.15968633,6.089820359,181495.191,0,-2.120562267,0,1,Loss,0.65818185,1
DEVYANI,20-09-2024,83.09638885,5.585112084,181421.468,5.574612481,0,1,0,Profit,0.6331657,1
CDSL,16-09-2024,34.35326046,5.106359573,178898.775,0.799477346,0,1,0,Profit,0.71366197,1
SCHNEIDER,20-09-2024,41.28256446,6.412055199,177188.045,0,-0.741212498,0,1,Loss,0.7022819,1
SCHNEIDER,24-09-2024,56.45531038,11.68481469,177188.045,0,-0.732235966,0,1,Loss,0.663303,1
SUVENPHAR,19-09-2024,69.34453311,5.59640185,172365.932,3.03518854,0,1,0,Profit,0.6372795,1
PPLPHARMA,25-09-2024,54.53563693,6.795248903,170528.014,0,-0.008839323,0,1,Loss,0.6738835,1
ACE,17-09-2024,66.30087467,4.104061539,169890.042,0,-1.317667681,0,1,Loss,0.6412218,1
ACE,20-09-2024,67.68199166,4.453773777,169890.042,3.289473627,0,1,0,Profit,0.63922226,1
TVSHLTD,24-09-2024,64.39483625,5.576256073,165192.094,0.429298643,0,1,0,Profit,0.6432255,1
CONCORDBIO,20-09-2024,97.01080349,15.20534911,159100.323,0,-8.409903187,0,1,Loss,0.620286,1
FINCABLES,23-09-2024,63.63040412,36.74975917,153092.284,0,-2.567718378,0,1,Loss,0.65292645,1
VINATIORGA,16-09-2024,35.54721043,7.260763101,151151.283,1.421412385,0,1,0,Profit,0.69777644,1
INTELLECT,26-09-2024,60.95889234,10.06588437,150038.306,0,-2.458292047,0,1,Loss,0.6473472,1
BLUEDART,17-09-2024,74.4067225,188.70856,146732.357,0,-7.343048109,0,1,Loss,0.41125643,0
MANAPPURAM,13-09-2024,40.32209905,4.128501362,146560.173,1.050490324,0,1,0,Profit,0.6878046,1
CAMS,23-09-2024,63.86735382,5.197208642,143284.135,0,-1.812900625,0,1,Loss,0.63999176,1
CENTURYPLY,17-09-2024,75.93644165,34.70119738,142201.822,0,-0.24857491,0,1,Loss,0.61785865,1
FSL,24-09-2024,60.74620078,6.477398522,137760.237,2.683661831,0,1,0,Profit,0.6466106,1
WELCORP,24-09-2024,57.79507393,5.228324554,134863.118,0,-0.145911039,0,1,Loss,0.65422785,1
MGL,17-09-2024,65.36504824,9.484500845,134737.828,0,-1.395319408,0,1,Loss,0.6337459,1
ASTRAZEN,24-09-2024,75.29810154,242.2561245,133211.25,0,-4.434993842,0,1,Loss,0.34346604,0
ZEEL,25-09-2024,48.52071153,4.889187468,133079.966,1.433872651,0,1,0,Profit,0.6680206,1
RAINBOW,19-09-2024,73.31632545,31.29600801,131703.514,0,-0.494137103,0,1,Loss,0.62009954,1
RAINBOW,26-09-2024,73.57653294,8.279291891,131703.514,0,-0.407454663,0,1,Loss,0.6235908,1
ABSLAMC,20-09-2024,55.55556021,7.626374841,131080.908,0,-1.418810775,0,1,Loss,0.65492797,1
ASAHIINDIA,19-09-2024,71.91843548,4.111674271,130381.284,9.753684014,0,1,0,Profit,0.62833,1
ASAHIINDIA,20-09-2024,80.58725285,29.9495383,130381.284,5.543056691,0,1,0,Profit,0.5964272,1
IIFL,13-09-2024,76.5158179,5.591424543,129764.623,0,-2.838242969,0,1,Loss,0.6259397,1
IIFL,20-09-2024,68.52842844,8.513265087,129764.623,0,-3.610816303,0,1,Loss,0.6290618,1
GRINFRA,20-09-2024,66.03961455,13.77079628,126488.563,0,-0.20666546,0,1,Loss,0.63155526,1
WESTLIFE,13-09-2024,46.10900454,13.83524283,125442.848,0,-0.896515116,0,1,Loss,0.6674869,1
DIAMONDYD,27-09-2024,94.77024441,7.815245676,21776.145,0,0,0,0,Loss,0.7237892,1
FINEORG,18-09-2024,50.00727151,11.51884033,123708.404,0,-1.093849327,0,1,Loss,0.66005874,1
AMBER,23-09-2024,65.77116104,42.3687473,123241.56,0,-5.437820527,0,1,Loss,0.6342263,1
BIKAJI,18-09-2024,65.23988555,5.054425236,122799.94,1.468748261,0,1,0,Profit,0.63330853,1
DALBHARAT,27-09-2024,57.12048203,4.000013136,364245.628,0,0,0,0,Loss,0.7058798,1
GRAPHITE,16-09-2024,57.9178202,4.053982678,117918.94,0,-1.179064761,0,1,Loss,0.6462945,1
GRAPHITE,18-09-2024,72.80453735,23.7648882,117918.94,0,-2.600835787,0,1,Loss,0.6181184,1
RAILTEL,20-09-2024,40.55013954,4.326665077,116741.346,0,-1.832077029,0,1,Loss,0.6715352,1
ECLERX,25-09-2024,47.48260894,38.75772307,116057.735,2.965686187,0,1,0,Profit,0.6550902,1
RHIM,24-09-2024,59.59997559,4.235469822,114123.013,0.50554077,0,1,0,Profit,0.6414989,1
NEWGEN,13-09-2024,72.52167524,4.15046181,111438.375,0,-1.749893041,0,1,Loss,0.6250342,1
NEWGEN,26-09-2024,76.9564725,9.389772921,111438.375,4.11036036,0,1,0,Profit,0.6169661,1
NUVOCO,17-09-2024,70.60262282,44.46171524,109361.214,1.245377779,0,1,0,Profit,0.61665326,1
RPOWER,19-09-2024,71.07180064,4.883632365,107665.919,4.99855392,0,1,0,Profit,0.6233158,1
RPOWER,25-09-2024,88.88887564,6.169225184,107665.919,4.99406023,0,1,0,Profit,0.61133736,1
RELINFRA,18-09-2024,79.23511116,6.476127171,107331.747,0.763981034,0,1,0,Profit,0.6206659,1
RELINFRA,19-09-2024,81.62292995,4.287283055,107331.747,11.02179518,0,1,0,Profit,0.62245005,1
GPIL,23-09-2024,65.47392628,4.503992814,106737.639,7.525796708,0,2,0,Profit,0.629812,1
GPIL,24-09-2024,68.82754265,10.21899868,106737.639,2.093742782,0,1,0,Profit,0.62296355,1
ELECON,23-09-2024,60.50760574,6.081749046,106449.717,0.585245385,0,1,0,Profit,0.63616407,1
ELECON,26-09-2024,75.64906549,10.45792137,106449.717,0,-0.989607337,0,1,Loss,0.6144781,1
ANANTRAJ,20-09-2024,90.14257929,8.274613593,106166.684,2.566237733,0,1,0,Profit,0.6032251,1
EQUITASBNK,13-09-2024,63.61842178,4.222788311,105033.818,0,-1.371466654,0,1,Loss,0.6313399,1
KFINTECH,20-09-2024,57.77775449,4.093404889,104856.558,2.87828717,0,1,0,Profit,0.638997,1
CANFINHOME,13-09-2024,68.95336637,4.411630194,100258.398,0,-2.974657629,0,1,Loss,0.62406546,1
SAPPHIRE,24-09-2024,72.23653522,20.49555882,99949.043,0,-1.553992805,0,1,Loss,0.6148267,1
MINDACORP,20-09-2024,50.26119107,17.80894441,99863.477,6.477841598,0,2,0,Profit,0.64934963,1
SWSOLAR,27-09-2024,42.27150529,19.70812551,121948.806,0,0,0,0,Loss,0.67866135,1
SCI,20-09-2024,43.89079748,6.289720295,97258.833,3.545135095,0,1,0,Profit,0.655443,1
FORCEMOT,27-09-2024,50.60753926,6.273130884,94410.429,0,0,0,0,Loss,0.64258397,1
EIDPARRY,27-09-2024,53.06948304,4.317175498,96871.349,0,0,0,0,Loss,0.6412771,1
GODREJAGRO,13-09-2024,51.57216151,13.88165978,93606.69,1.169147985,0,1,0,Profit,0.641214,1
ALKYLAMINE,18-09-2024,79.39578668,17.42600185,92730.862,0.428799651,0,1,0,Profit,0.5925957,1
CRAFTSMAN,25-09-2024,57.35507468,13.18400633,91166.549,0,-0.252097461,0,1,Loss,0.6348784,1
MAHLIFE,25-09-2024,59.0388915,9.371713251,90958.565,0,-1.789901394,0,1,Loss,0.6299101,1
JUBLPHARMA,13-09-2024,87.32792236,5.724129814,90774.321,2.787569368,0,1,0,Profit,0.6076535,1
SBFC,23-09-2024,85.68160256,49.6417401,87829.038,0,-7.26188752,0,1,Loss,0.56653976,1
GRSE,20-09-2024,52.00230059,8.103014583,87597.914,0,-2.939746038,0,1,Loss,0.63642484,1
UJJIVANSFB,20-09-2024,38.72724965,4.807356445,86773.213,0,-1.936081262,0,1,Loss,0.6603482,1
NIBL,27-09-2024,8.516131255,4.559983206,805.669,0,0,0,0,Loss,0.6399802,1
RATEGAIN,20-09-2024,47.06953562,7.653866494,84461.876,0.317812792,0,1,0,Profit,0.6430124,1
MAHSCOOTER,16-09-2024,89.67695138,6.03450597,81946.833,2.530528355,0,1,0,Profit,0.5990801,1
GALAXYSURF,16-09-2024,69.68939212,5.709911874,80526.605,1.319343835,0,1,0,Profit,0.6182171,1
ZENTEC,20-09-2024,52.97766082,4.101501614,80388.335,0,-0.46362291,0,1,Loss,0.6320633,1
JSWHL,24-09-2024,83.61944932,15.20288336,80053.27,1.862279763,0,1,0,Profit,0.58151585,1
HOMEFIRST,13-09-2024,62.99586968,24.04527087,79469.815,0,-1.309063681,0,1,Loss,0.6251579,1
QUESS,18-09-2024,60.89081279,5.395535287,77284.283,0.202141761,0,1,0,Profit,0.61933374,1
VARROC,24-09-2024,55.95693494,4.764764708,76981.428,0,-2.379131568,0,1,Loss,0.62510014,1
MANINFRA,25-09-2024,44.37154589,5.497887832,75865.02,3.188285041,0,1,0,Profit,0.643777,1
VIPIND,23-09-2024,73.53042204,13.88957616,74590.775,4.112422631,0,1,0,Profit,0.60599256,1
VIPIND,24-09-2024,76.9184047,5.660592576,74590.775,0,-2.1819792,0,1,Loss,0.6149572,1
IONEXCHANG,19-09-2024,56.61654432,19.02305718,74308.628,1.860329254,0,1,0,Profit,0.63022053,1
BALRAMCHIN,27-09-2024,81.71166873,5.125103005,73023.139,0,0,0,0,Loss,0.6110139,1
HEG,16-09-2024,67.24363445,6.254665414,71172.043,0,-1.442065019,0,1,Loss,0.6184287,1
HEG,18-09-2024,80.0040928,24.42333377,71172.043,0,-1.822746125,0,1,Loss,0.5744704,1
HEG,25-09-2024,83.10122155,8.203784483,71172.043,0,-0.829941739,0,1,Loss,0.59859717,1
CHEMPLASTS,16-09-2024,56.0000061,4.750614924,71149.308,0.271454079,0,1,0,Profit,0.6216315,1
NAVA,17-09-2024,90.45615585,10.37154841,70468.125,4.726281034,0,1,0,Profit,0.58394134,1
MARKSANS,20-09-2024,76.74085116,7.67402483,68854.514,0,-1.196795189,0,1,Loss,0.6089239,1
TRIVENI,16-09-2024,73.2790257,17.22538757,68099.158,0,-1.211821457,0,1,Loss,0.59981596,1
GARFIBRES,19-09-2024,56.1822656,31.11955472,67760.469,2.768992608,0,1,0,Profit,0.60300267,1
VESUVIUS,20-09-2024,47.91752231,11.04980831,67320.068,9.574480263,0,1,0,Profit,0.62126374,1
SAREGAMA,25-09-2024,88.53632705,74.33443101,66972.376,0,-4.076482961,0,1,Loss,0.46952263,0
DBL,23-09-2024,53.190207,5.536060738,66805.62,0,-3.311961609,0,1,Loss,0.6228057,1
INDIASHLTR,13-09-2024,66.35821021,4.174535829,66778.499,0,-7.427054047,0,1,Loss,0.61382055,1
BALAMINES,18-09-2024,74.22660124,7.934352954,66268.145,0.166282311,0,1,0,Profit,0.6094363,1
INDIACEM,16-09-2024,58.63634388,4.206915496,65822.165,0,-0.886974305,0,1,Loss,0.61486197,1
CAMPUS,13-09-2024,78.12721258,14.62390196,65477.363,1.852995746,0,1,0,Profit,0.5862782,1
KRBL,16-09-2024,71.41451605,13.96628284,63482.612,0,-2.685082744,0,1,Loss,0.60698307,1
TEXRAIL,20-09-2024,40.61219633,5.292970885,63174.147,0.775610913,0,1,0,Profit,0.6271893,1
JINDWORLD,20-09-2024,44.2810526,20.21646676,62682.677,0,-1.992798764,0,1,Loss,0.5967709,1
GANESHHOUC,20-09-2024,65.28408257,4.33983213,61752.309,3.06308277,0,1,0,Profit,0.6107471,1
GANESHHOUC,23-09-2024,69.10669797,4.391980544,61752.309,0,-3.114659189,0,1,Loss,0.61309457,1
SHAREINDIA,20-09-2024,76.7334496,5.328180302,61235.517,2.773447824,0,1,0,Profit,0.61226404,1
VAIBHAVGBL,13-09-2024,35.2739837,4.192270615,60336.587,0,-0.348213398,0,1,Loss,0.6245241,1
GENUSPOWER,20-09-2024,37.21412226,7.689456578,59334.007,1.638361284,0,1,0,Profit,0.61317617,1
HGINFRA,13-09-2024,53.29525136,5.567292566,59234.023,2.709699595,0,1,0,Profit,0.61817884,1
ITDCEM,20-09-2024,53.75031278,20.6591511,57377.053,0.622277522,0,1,0,Profit,0.59922755,1
SUPRAJIT,20-09-2024,51.4346102,4.427356354,57061.892,0,-0.226353325,0,1,Loss,0.6212903,1
SUNTECK,19-09-2024,50.84685125,29.84346085,57056.46,2.379073735,0,1,0,Profit,0.58873284,1
HEMIPROP,23-09-2024,48.41349448,5.308260485,56985.75,0,-2.252302058,0,1,Loss,0.6211849,1
ASTRAMICRO,20-09-2024,57.77202073,4.75475416,56629.95,0,-0.354784132,0,1,Loss,0.6103527,1
LLOYDSENGG,16-09-2024,57.13695889,5.799761987,56013.439,0,-0.981229749,0,1,Loss,0.6102015,1
SURYAROSNI,16-09-2024,53.26967493,5.233319023,55301.281,0,-3.298764623,0,1,Loss,0.6161696,1
PTC,13-09-2024,79.56470003,9.98496357,55042.747,1.649669649,0,1,0,Profit,0.59061104,1
SANSERA,20-09-2024,79.47333283,8.205830177,54569.099,1.781907975,0,1,0,Profit,0.5959698,1
ITDC,23-09-2024,43.48338962,6.99125122,54167.665,0,-1.014725811,0,1,Loss,0.6098053,1
ICRA,18-09-2024,93.06224502,8.715414576,52542.267,0,-0.051526877,0,1,Loss,0.6541494,1
RSYSTEMS,13-09-2024,65.68341858,4.96866273,52242.801,0,-1.644770206,0,1,Loss,0.606662,1
RAIN,13-09-2024,65.88898282,7.546753304,50687.294,0.611664821,0,1,0,Profit,0.6080252,1
PRAJIND,27-09-2024,76.80398895,15.0103526,97963.185,0,0,0,0,Loss,0.60602903,1
JAICORPLTD,23-09-2024,66.20852682,25.72342251,50474.416,0,-4.227982526,0,1,Loss,0.5795298,1
NAZARA,13-09-2024,74.24813847,4.749621312,49228.665,1.46715801,0,1,0,Profit,0.6108556,1
WABAG,20-09-2024,92.75050343,5.045391473,47479.282,0,-1.975373738,0,1,Loss,0.6652454,1
EPIGRAL,24-09-2024,66.56660871,9.621152612,45619.996,0,-0.65025325,0,1,Loss,0.6072067,1
GOPAL,19-09-2024,66.79463359,4.812352923,44583.444,2.373928754,0,1,0,Profit,0.6032478,1
JTEKTINDIA,23-09-2024,67.20351644,10.67970227,44537.227,0,-0.58401198,0,1,Loss,0.60870355,1
SUNDARMHLD,19-09-2024,50.39077829,5.139441199,44343.036,0,-1.343518248,0,1,Loss,0.60310435,1
SINDHUTRAD,26-09-2024,30.13204675,4.337624353,43944.97,4.995654195,0,1,0,Profit,0.600558,1
GOKEX,19-09-2024,60.5246339,4.227874951,42813.89,1.091845274,0,1,0,Profit,0.59895396,1
VMART,23-09-2024,70.14139999,6.178417145,42597.861,0.585553024,0,1,0,Profit,0.60547155,1
SHANTIGEAR,24-09-2024,60.7613807,6.684774149,42504.418,0,-3.327692006,0,1,Loss,0.5998164,1
SUDARSCHEM,20-09-2024,49.5311667,6.274444008,42228.623,1.750265294,0,1,0,Profit,0.59610134,1
KKCL,13-09-2024,60.23165113,7.3734482,41214.924,2.202749483,0,1,0,Profit,0.59939015,1
BBOX,24-09-2024,55.83090327,5.289722779,37822.56,0,-2.657380986,0,1,Loss,0.5958295,1
ROSSARI,23-09-2024,68.43659335,6.964522603,37398.757,0.651504507,0,1,0,Profit,0.60245734,1
DCBBANK,23-09-2024,43.28472692,4.427184045,37338.05,1.733679643,0,1,0,Profit,0.5910499,1
RENUKA,27-09-2024,75.29976319,14.94017079,84501.044,0,0,0,0,Loss,0.60420066,1
ORISSAMINE,13-09-2024,49.68801985,6.922158093,35478.9,6.711951902,0,1,0,Profit,0.58367807,1
ORISSAMINE,16-09-2024,60.51135027,6.218432876,35478.9,4.803885023,0,1,0,Profit,0.59553075,1
SSWL,24-09-2024,42.00355005,4.048731418,34665.688,0,-0.940852974,0,1,Loss,0.5873903,1
HGS,18-09-2024,44.89419483,6.301065413,34359.883,1.272963494,0,1,0,Profit,0.5815596,1
SUNFLAG,24-09-2024,66.3359084,4.560493911,33547.85,7.984205831,0,2,0,Profit,0.5970315,1
SKIPPER,23-09-2024,72.85451775,11.56440672,33203.547,0,-1.41769788,0,1,Loss,0.5904069,1
LUMAXTECH,16-09-2024,59.78617624,14.47442078,32933.803,0,-2.069447131,0,1,Loss,0.5769247,1
AVALON,17-09-2024,65.16674971,8.066113401,32431.875,0,-0.600979807,0,1,Loss,0.596743,1
AVALON,24-09-2024,74.52272151,6.287096052,32431.875,0,-1.516723332,0,1,Loss,0.598514,1
ARVSMART,24-09-2024,71.66922564,29.21828997,31618.699,0,-1.06812933,0,1,Loss,0.5400373,1
NEOGEN,17-09-2024,75.74220121,18.21087742,31557.758,21.63411606,0,2,0,Profit,0.5727843,1
NEOGEN,18-09-2024,80.92024722,4.665694693,31557.758,15.45254812,0,1,0,Profit,0.5930624,1
NEOGEN,19-09-2024,89.84353835,8.58482845,31557.758,7.060905269,0,1,0,Profit,0.6047853,1
JTLIND,24-09-2024,54.85924097,7.010961741,31356.589,0,-2.759892164,0,1,Loss,0.57928336,1
KDDL,13-09-2024,66.0159956,23.75873037,30744.145,0,-8.360463765,0,1,Loss,0.5540353,1
KALAMANDIR,16-09-2024,65.81610318,5.452924464,30734.569,0.19416461,0,1,0,Profit,0.59554493,1
CARTRADE,24-09-2024,60.31810962,16.75192834,29916.772,3.708257709,0,1,0,Profit,0.5698155,1
SBCL,26-09-2024,65.19367592,4.896723886,29916.741,1.832331372,0,1,0,Profit,0.59388345,1
DELTACORP,25-09-2024,54.73028673,11.0437568,29628.872,0,-2.467292001,0,1,Loss,0.56529194,1
PFOCUS,16-09-2024,41.02909609,5.197198077,29445.137,0,-4.150604922,0,1,Loss,0.575493,1
UNITECH,25-09-2024,76.3358812,5.426230129,29171.757,3.317536188,0,1,0,Profit,0.5966908,1
BFUTILITIE,23-09-2024,71.50102864,16.71083215,29079.409,6.407257516,0,1,0,Profit,0.5800389,1
BFUTILITIE,24-09-2024,81.04970472,7.573547964,29079.409,0.230186995,0,1,0,Profit,0.58267033,1
BANARISUG,23-09-2024,61.82845182,9.471443406,28875.167,0,-0.280669544,0,1,Loss,0.5823331,1
BAJAJHIND,27-09-2024,68.83759575,4.864233682,37107.306,0,0,0,0,Loss,0.6006716,1
MAITHANALL,20-09-2024,58.9370241,8.395692973,28540.964,0.424583572,0,1,0,Profit,0.5766421,1
SHK,24-09-2024,75.20201317,16.37891421,28445.475,3.338658655,0,1,0,Profit,0.57506216,1
BLSE,13-09-2024,59.31606037,10.13283852,28165.51,2.306109472,0,1,0,Profit,0.5743462,1
VSTTILLERS,23-09-2024,71.93785396,6.228842812,27990.775,0,-1.611647091,0,1,Loss,0.59602344,1
HLEGLAS,24-09-2024,62.06186825,4.917436761,27872.795,0,-1.315002989,0,1,Loss,0.5902344,1
BCG,16-09-2024,100,14.32782239,27847.322,0,0,0,0,Loss,0.7915895,1
BCG,23-09-2024,100,15.20138465,27847.322,0,0,0,0,Loss,0.7891753,1
DALMIASUG,20-09-2024,62.84708547,6.94562436,27531.504,0,-1.455315773,0,1,Loss,0.5871639,1
SAKSOFT,13-09-2024,76.41922161,4.142428839,27151.798,3.298679422,0,1,0,Profit,0.5994243,1
APOLLO,16-09-2024,65.15081781,4.291835632,26908.799,0,-4.258943829,0,1,Loss,0.5918074,1
MARATHON,16-09-2024,76.60615908,7.075674381,26225.29,0,-0.441354294,0,1,Loss,0.58973825,1
JCHAC,25-09-2024,49.43697548,5.187473667,25942.822,0.654005905,0,1,0,Profit,0.57365143,1
AJMERA,23-09-2024,61.80400126,14.68537472,25648.468,0,-0.113384991,0,1,Loss,0.56926787,1
NILKAMAL,23-09-2024,70.15062791,4.069939183,25454.097,1.045186202,0,1,0,Profit,0.5950116,1
TATVA,24-09-2024,70.65834806,11.51034139,25230.671,2.536550615,0,1,0,Profit,0.59130955,1
REPCOHOME,13-09-2024,78.28716595,11.0691622,25068.338,0,-1.657260521,0,1,Loss,0.5741639,1
DYNAMATECH,27-09-2024,51.85641769,13.54590873,50644.47,0,0,0,0,Loss,0.5912514,1
PSPPROJECT,13-09-2024,55.41724541,6.370719184,24764.4,0,-1.374913141,0,1,Loss,0.57100767,1
PSPPROJECT,23-09-2024,54.59522966,4.564115246,24764.4,0,-1.851851852,0,1,Loss,0.577052,1
SHAILY,17-09-2024,56.53473923,5.399234129,24307.487,0,-1.815996428,0,1,Loss,0.5744946,1
EVEREADY,24-09-2024,52.31212795,6.640976044,24292.082,2.875297535,0,1,0,Profit,0.5680142,1
CONFIPET,17-09-2024,61.68057812,8.82807567,24116.166,1.697996559,0,1,0,Profit,0.5750879,1
INDOSTAR,20-09-2024,70.96220066,4.784088291,23605.366,0,-0.908214053,0,1,Loss,0.5945773,1
PRECWIRE,25-09-2024,64.14147232,6.903477076,22903.952,0,-4.666564057,0,1,Loss,0.58377826,1
VIDHIING,24-09-2024,75.96589802,21.34516357,22844.843,0.367157122,0,1,0,Profit,0.5512168,1
VIDHIING,25-09-2024,74.85134934,12.68709392,22844.843,0,-1.920532857,0,1,Loss,0.57763135,1
DEN,16-09-2024,62.99434369,10.98550769,22453.382,0.683578102,0,1,0,Profit,0.5722209,1
SANGAMIND,23-09-2024,57.34615792,4.28303927,22254.201,0,-0.022340245,0,1,Loss,0.5759742,1
SANGAMIND,26-09-2024,73.46347986,5.786384649,22254.201,2.001685604,0,1,0,Profit,0.5927323,1
DIAMONDYD,26-09-2024,90.79147027,20.75341297,21776.145,0.422226707,0,1,0,Profit,0.5958612,1
WESTLIFE,27-09-2024,83.14416237,39.63590076,125442.848,0,0,0,0,Loss,0.58921695,1
CENTUM,24-09-2024,48.38611085,6.901907098,21700.901,0.480747353,0,1,0,Profit,0.5612844,1
MUKANDLTD,13-09-2024,43.19798627,4.760195901,21493.715,2.611711337,0,1,0,Profit,0.56497556,1
MUKANDLTD,18-09-2024,63.57218108,6.781172066,21493.715,0.06052348,0,1,0,Profit,0.5793919,1
VAKRANGEE,18-09-2024,66.43159732,6.77615827,21031.339,3.350510122,0,1,0,Profit,0.5903466,1
VAKRANGEE,25-09-2024,79.67687633,4.103719381,21031.339,6.359648144,0,1,0,Profit,0.5914775,1
TARSONS,17-09-2024,63.06601158,5.264519855,20941.992,2.168881542,0,1,0,Profit,0.5805981,1
ASTEC,16-09-2024,69.85513092,6.751546082,20931.847,0.205963135,0,1,0,Profit,0.5918809,1
UGROCAP,17-09-2024,73.59778314,4.078424375,20375.842,0,-0.341591156,0,1,Loss,0.59414804,1
SIGNPOST,24-09-2024,75.70380305,4.28607886,20091.855,0,-0.718406655,0,1,Loss,0.59430546,1
HIL,24-09-2024,69.0901825,5.044567812,19642.157,0,-0.341859356,0,1,Loss,0.59192,1
BFINVEST,23-09-2024,71.36252051,13.4625719,19602.234,0.2006154,0,1,0,Profit,0.5765125,1
BFINVEST,24-09-2024,71.87833027,5.972386071,19602.234,0,-1.447707309,0,1,Loss,0.5897498,1
RIIL,23-09-2024,74.93494928,38.4049299,19259.295,0,-5.462489933,0,1,Loss,0.49556985,0
GTPL,16-09-2024,60.39279491,4.729765004,18725.096,0,-1.606933293,0,1,Loss,0.57224464,1
ADORWELD,25-09-2024,67.28119117,6.570548786,18643.498,0,-2.013616239,0,1,Loss,0.59035575,1
SESHAPAPER,13-09-2024,50.42574446,10.29942535,18557.8,0,-3.580318432,0,1,Loss,0.5469624,1
GREENPOWER,16-09-2024,63.11689779,5.305484009,18339.538,0,-3.257924019,0,1,Loss,0.57631683,1
PIXTRANS,16-09-2024,67.26026185,13.63849747,18180.104,0,-1.089456514,0,1,Loss,0.5678708,1
SIGACHI,20-09-2024,47.65999308,7.306095922,18017.663,1.112444844,0,1,0,Profit,0.5538413,1
PENIND,24-09-2024,63.28839452,5.138621931,17907.365,0,-0.629277637,0,1,Loss,0.57641184,1
PVSL,18-09-2024,45.1855108,8.554113578,17763.95,0,-0.762885288,0,1,Loss,0.54851496,1
CANTABIL,16-09-2024,47.24590208,11.42830175,17463.623,0,-1.505927889,0,1,Loss,0.5402999,1
RAMCOIND,26-09-2024,56.18481095,6.687169027,17448.621,0,-1.324190328,0,1,Loss,0.55882406,1
VSSL,25-09-2024,63.70371662,8.558563948,17277.63,0,-1.002506266,0,1,Loss,0.5691923,1
RISHABH,26-09-2024,52.11565695,11.23000542,16879.83,0.569308601,0,1,0,Profit,0.54246,1
GNA,23-09-2024,64.52971399,9.240499704,16335.169,1.21740871,0,1,0,Profit,0.56988347,1
GNA,24-09-2024,63.48746957,9.745599056,16335.169,0,-1.415645321,0,1,Loss,0.5650655,1
KICL,16-09-2024,73.27563802,5.029962547,15827.29,2.509121731,0,1,0,Profit,0.5888051,1
5PAISA,16-09-2024,55.67260547,4.186099623,15748.455,1.031873127,0,1,0,Profit,0.5648031,1
SADHNANIQ,13-09-2024,48.69693279,4.601550534,15416.448,0,-4.662194816,0,1,Loss,0.5583049,1
BCLIND,18-09-2024,76.94868285,6.100729934,15114.99,0,-2.225234265,0,1,Loss,0.5860182,1
DPSCLTD,25-09-2024,63.76811895,12.85547023,14996.36,2.501250654,0,1,0,Profit,0.55589586,1
EKC,13-09-2024,65.41822636,6.544188893,14738.479,2.754943903,0,1,0,Profit,0.57635874,1
OSWALAGRO,27-09-2024,86.65671277,4.549979556,5751.96,0,0,0,0,Loss,0.5863377,1
SHREDIGCEM,23-09-2024,42.74719646,9.592041123,14327.939,0,-2.069104848,0,1,Loss,0.53956556,1
SPCENET,17-09-2024,40.29127487,4.584734772,14205.383,0.665883556,0,1,0,Profit,0.55422395,1
STOVEKRAFT,16-09-2024,68.53655026,4.007961773,13866.865,0,-1.210799693,0,1,Loss,0.5876308,1
BUTTERFLY,19-09-2024,66.07751585,9.568511511,13641.203,0,-4.226027038,0,1,Loss,0.5681883,1
ARIHANTSUP,23-09-2024,68.48541501,5.73447063,13549.869,2.190759411,0,1,0,Profit,0.5868236,1
ROSSELLIND,19-09-2024,63.37509592,15.47610711,13380.364,0,-72.51668955,0,1,Loss,0.5441495,1
SUMMITSEC,25-09-2024,65.07934727,11.54736239,13321.976,0.892857143,0,1,0,Profit,0.5595004,1
ALICON,24-09-2024,46.86318312,7.952904386,13273.739,0,-3.092296319,0,1,Loss,0.5439011,1
DWARKESH,27-09-2024,69.29935903,6.180218115,13086.952,0,0,0,0,Loss,0.58583033,1
SMCGLOBAL,13-09-2024,66.93338556,4.680577957,13071.795,2.861239684,0,1,0,Profit,0.58397436,1
STEELXIND,24-09-2024,34.88372712,9.540898851,13024.602,0,-0.920244524,0,1,Loss,0.5417795,1
VERTOZ,23-09-2024,50.93867076,21.35821712,12970.746,4.995463478,0,1,0,Profit,0.521971,1
VERTOZ,24-09-2024,51.12219609,4.233760027,12970.746,1.730099391,0,1,0,Profit,0.5570501,1
VERTOZ,25-09-2024,47.59357927,4.115563148,12970.746,0.87868873,0,1,0,Profit,0.55534154,1
SKYGOLD,23-09-2024,35.83907137,4.222463724,12684.2,0.652840576,0,1,0,Profit,0.55335265,1
ZUARI,27-09-2024,72.95510985,6.933446455,7124.626,0,0,0,0,Loss,0.57824874,1
ACLGATI,20-09-2024,60.26594596,4.0131448,12510.707,5.536172311,0,1,0,Profit,0.563974,1
ENIL,26-09-2024,63.52638149,15.2633556,12401.458,0,-2.568044787,0,1,Loss,0.54321265,1
SNOWMAN,16-09-2024,53.96405958,5.028455632,12247.55,0,-0.011815872,0,1,Loss,0.5548084,1
SNOWMAN,23-09-2024,67.61905786,4.938529951,12247.55,0,-4.177255905,0,1,Loss,0.58455217,1
HIMATSEIDE,16-09-2024,49.32203665,7.898350832,12031.465,3.591567771,0,1,0,Profit,0.54321796,1
HIMATSEIDE,17-09-2024,58.52720767,4.379670564,12031.465,1.157773441,0,1,0,Profit,0.5601142,1
UTTAMSUGAR,20-09-2024,49.70790316,7.967459367,11901,1.768534269,0,1,0,Profit,0.54297936,1
HESTERBIO,25-09-2024,60.76588905,4.511866701,11862.398,0,-1.051685526,0,1,Loss,0.5627639,1
BLISSGVS,13-09-2024,56.260639,4.243899153,11814.359,0.246589863,0,1,0,Profit,0.5586666,1
MSPL,19-09-2024,86.33879854,4.6245248,11793.699,0.996375416,0,1,0,Profit,0.58363914,1
HARDWYN,13-09-2024,84.79864376,16.68795989,11600.309,0,-0.761477685,0,1,Loss,0.5455589,1
GMBREW,16-09-2024,73.84310524,13.31228163,11587.96,0.506945155,0,1,0,Profit,0.5640247,1
SURAJEST,17-09-2024,53.23553632,6.138201787,11569.378,0.929145818,0,1,0,Profit,0.549625,1
HERANBA,18-09-2024,62.85505861,11.27268645,11349.82,0,-5.023056296,0,1,Loss,0.5522113,1
KOKUYOCMLN,19-09-2024,69.33722975,4.476544673,11133.722,1.413687933,0,1,0,Profit,0.5857345,1
STERTOOLS,16-09-2024,48.69684456,6.300165018,11043.222,1.031308691,0,1,0,Profit,0.5461713,1
STERTOOLS,20-09-2024,75.37063678,6.706642712,11043.222,1.772050651,0,1,0,Profit,0.58287275,1
GICHSGFIN,13-09-2024,60.48869384,29.85215781,10845.605,0,-2.089402325,0,1,Loss,0.5029224,1
CREST,18-09-2024,73.35960944,12.90129046,10661.638,0.361414559,0,1,0,Profit,0.5637585,1
CREST,19-09-2024,74.92207598,10.62409259,10661.638,8.670362365,0,1,0,Profit,0.57254124,1
CREST,20-09-2024,81.56157728,4.893653478,10661.638,0,-7.307332672,0,1,Loss,0.5815973,1
AVADHSUGAR,20-09-2024,61.50476646,5.979614702,10630.782,0.205766033,0,1,0,Profit,0.55863917,1
CLSEL,24-09-2024,79.63912357,11.30979836,10530.364,0,-4.902652292,0,1,Loss,0.56393874,1
HUBTOWN,17-09-2024,39.83144732,4.14162395,10511.567,2.749770852,0,1,0,Profit,0.5499195,1
HIRECT,24-09-2024,52.46548345,7.584438339,10346.983,0.321563951,0,1,0,Profit,0.5429286,1
KABRAEXTRU,13-09-2024,65.85966699,9.589132462,10283.762,0.304624413,0,1,0,Profit,0.5611189,1
REMUS,19-09-2024,23.25621102,4.071428571,10162.743,3.272642983,0,1,0,Profit,0.56330705,1
REMUS,23-09-2024,55.93672672,7.066666667,10162.743,0,-1.078575705,0,1,Loss,0.5459409,1
GSLSU,19-09-2024,63.1568926,5.641226352,9779.605,0,-1.634805864,0,1,Loss,0.5618511,1
GANDHITUBE,23-09-2024,62.96433774,13.40117172,9465.47,0.891868592,0,1,0,Profit,0.5422878,1
WEL,20-09-2024,68.36139374,5.872972438,9142.696,0.684322769,0,1,0,Profit,0.5779194,1
SHIVALIK,25-09-2024,54.39034096,11.13375456,8992.335,0,-1.656035263,0,1,Loss,0.53162485,1
VHL,19-09-2024,38.79892003,6.059552533,8954.938,0,-0.514626013,0,1,Loss,0.54202443,1
VHL,24-09-2024,71.18887137,10.06132339,8954.938,4.093648436,0,1,0,Profit,0.56858623,1
VHL,25-09-2024,74.73432451,4.179613399,8954.938,0,-3.786684846,0,1,Loss,0.58524406,1
GRPLTD,26-09-2024,25.98298979,5.679423577,8686.464,4.999035399,0,1,0,Profit,0.5472939,1
GKWLIMITED,13-09-2024,12.14487534,6.75218489,8483.17,0,-2.565343659,0,1,Loss,0.630859,1
CHEMCON,16-09-2024,50.98722943,13.29797452,8461.692,3.721593645,0,1,0,Profit,0.5223273,1
CHEMCON,17-09-2024,67.46608385,7.879834719,8461.692,0,-2.1390416,0,1,Loss,0.56734383,1
SRHHYPOLTD,20-09-2024,46.10858286,6.712399657,8450.241,10.53267354,0,1,0,Profit,0.53954065,1
SRHHYPOLTD,23-09-2024,63.35384363,36.10867986,8450.241,4.717716691,0,1,0,Profit,0.48158816,0
SRHHYPOLTD,24-09-2024,73.5708326,5.094160767,8450.241,0.513815198,0,1,0,Profit,0.5828861,1
SRHHYPOLTD,26-09-2024,86.13760124,4.350298835,8450.241,1.058519717,0,1,0,Profit,0.5837119,1
SUTLEJTEX,16-09-2024,51.94099305,5.641499944,8256.962,0,-3.429409676,0,1,Loss,0.54520077,1
SPENCERS,19-09-2024,54.0027917,4.951868223,8229.671,0,-1.520803554,0,1,Loss,0.5486426,1
SCHAND,20-09-2024,73.52858583,28.17147178,8191.562,0,-7.861125654,0,1,Loss,0.50601286,1
DYCL,23-09-2024,51.36154196,5.160857728,8172.698,0,-0.052763662,0,1,Loss,0.54624796,1
RADIANTCMS,16-09-2024,43.32659365,7.695502289,8125.807,0,-1.756680542,0,1,Loss,0.5355582,1
BAJAJHCARE,17-09-2024,49.69152084,10.01225707,8067.012,0,-4.008518162,0,1,Loss,0.53058994,1
BAJAJHCARE,23-09-2024,51.66889131,4.187598438,8067.012,0.475152453,0,1,0,Profit,0.5496925,1
HMVL,26-09-2024,62.86681677,27.79379602,7912.324,0.113041428,0,1,0,Profit,0.5011412,1
RUSHIL,20-09-2024,56.52609869,7.563528508,7732.919,0,-1.94552533,0,1,Loss,0.54106414,1
DBOL,23-09-2024,60.61802316,18.03167872,7651.17,0,-2.789607477,0,1,Loss,0.52377474,1
LINC,16-09-2024,63.66571297,4.86570015,7647.332,0,-0.270543378,0,1,Loss,0.56183815,1
LINC,18-09-2024,64.05923857,4.045606748,7647.332,0,-2.982796943,0,1,Loss,0.5654415,1
MAGADSUGAR,20-09-2024,56.65610143,14.91092569,7565.092,0,-0.751998759,0,1,Loss,0.52649796,1
MAGADSUGAR,27-09-2024,66.80162085,4.065878571,7565.092,0,0,0,0,Loss,0.5757199,1
OSWALGREEN,13-09-2024,67.7028523,10.3822352,7473.147,18.41070993,0,1,0,Profit,0.5576128,1
OSWALGREEN,16-09-2024,79.07135999,5.870444312,7473.147,0,-6.469608293,0,1,Loss,0.58016914,1
ICEMAKE,23-09-2024,57.00116088,13.61234135,7466.971,0,-1.762234215,0,1,Loss,0.52929306,1
MAANALU,13-09-2024,68.9570796,6.919715086,7398.809,2.699023639,0,1,0,Profit,0.5721787,1
GHCLTEXTIL,13-09-2024,57.59689478,4.351352582,7245.403,0,-2.57107786,0,1,Loss,0.5518108,1
DAVANGERE,17-09-2024,59.62440905,4.721827543,7230.391,2.462377972,0,1,0,Profit,0.5522888,1
ACL,13-09-2024,36.03962445,5.614212027,7166.384,2.346530976,0,1,0,Profit,0.5408324,1
ZUARI,17-09-2024,41.83066945,4.181291362,7124.626,0,-0.150823511,0,1,Loss,0.54444796,1
SEQUENT,27-09-2024,79.50098974,11.36130188,28809.569,0,0,0,0,Loss,0.5732284,1
GRMOVER,16-09-2024,55.25652063,9.713194316,7119,0.288398821,0,1,0,Profit,0.53318536,1
FOODSIN,24-09-2024,54.20146912,4.341301719,7000.044,0,-4.679469332,0,1,Loss,0.549122,1
THEINVEST,16-09-2024,53.32423598,4.882881831,6976.948,0,-1.667881235,0,1,Loss,0.54641443,1
THEINVEST,23-09-2024,73.94662022,6.972286393,6976.948,4.998737763,0,1,0,Profit,0.5786519,1
SAHANA,18-09-2024,48.35021015,4.075656166,6786.624,0,-4.321037661,0,1,Loss,0.5459062,1
3IINFOLTD,26-09-2024,51.28806437,4.129238732,6670.75,0,-1.327307454,0,1,Loss,0.54739726,1
KRITI,17-09-2024,67.32283753,13.28537277,6624.55,0,-0.543961926,0,1,Loss,0.54657507,1
ZEEMEDIA,23-09-2024,63.63636138,5.174827495,6504.458,0,-0.851667028,0,1,Loss,0.5591241,1
ZEEMEDIA,25-09-2024,74.51326747,10.27597741,6504.458,19.96186515,0,1,0,Profit,0.5666544,1
ZEEMEDIA,26-09-2024,87.29215681,7.50027744,6504.458,9.96289919,0,1,0,Profit,0.5841377,1
MANAKSIA,13-09-2024,65.74820657,9.09110461,6422.337,5.83991214,0,1,0,Profit,0.55480623,1
MANAKSIA,16-09-2024,72.68425331,5.765744547,6422.337,0,-3.666171534,0,1,Loss,0.5798073,1
ONMOBILE,13-09-2024,51.539627,5.486944832,6378.168,4.154776126,0,1,0,Profit,0.5424589,1
MENONBE,18-09-2024,63.39197812,14.95133479,6284.886,0,-3.45133313,0,1,Loss,0.5318298,1
PAVNAIND,23-09-2024,65.63409487,48.26462601,6252.405,1.304519573,0,1,0,Profit,0.44583923,0
PARAGMILK,27-09-2024,59.02586601,6.936693058,24818.237,0,0,0,0,Loss,0.57314384,1
MALLCOM,17-09-2024,73.67756191,36.23897175,6234.696,1.46779579,0,1,0,Profit,0.4805825,0
HTMEDIA,26-09-2024,58.83423819,4.014565311,6156.193,0,-2.901959887,0,1,Loss,0.55224967,1
LGHL,23-09-2024,50.44937082,4.325837838,6040.328,3.216929744,0,1,0,Profit,0.54505,1
LGHL,24-09-2024,60.77967793,4.144815059,6040.328,4.383331299,0,1,0,Profit,0.55447996,1
RBZJEWEL,13-09-2024,56.09366898,5.497879523,6030,1.999015496,0,1,0,Profit,0.54443777,1
RBZJEWEL,18-09-2024,75.08532385,4.440165999,6030,0,-2.002318665,0,1,Loss,0.58257854,1
MIRZAINT,18-09-2024,59.74842164,14.40973502,5915.041,0,-2.138913867,0,1,Loss,0.52991956,1
VINYLINDIA,13-09-2024,48.00000957,6.199504329,5793.61,1.248671844,0,1,0,Profit,0.53770113,1
VASWANI,27-09-2024,69.69952378,6.270781924,945,0,0,0,0,Loss,0.563348,1
ORICONENT,16-09-2024,54.25055055,5.054840439,5700.832,0,-3.510081931,0,1,Loss,0.54433,1
SHREYAS,23-09-2024,72.15251859,12.64919861,5694.686,0.628403876,0,1,0,Profit,0.5556481,1
RATNAVEER,18-09-2024,92.87549887,5.906648113,5594.364,0,-2.001095624,0,1,Loss,0.70831203,1
HCL-INSYS,13-09-2024,58.91239559,10.96434786,5563.648,9.965040833,0,1,0,Profit,0.53497744,1
HCL-INSYS,16-09-2024,72.90838455,6.927007282,5563.648,0,-2.808694558,0,1,Loss,0.57591975,1
HCL-INSYS,25-09-2024,72.73731282,4.798915356,5563.648,7.798617502,0,1,0,Profit,0.5807725,1
KHADIM,25-09-2024,61.52427262,9.199867812,5504.093,0.461070271,0,1,0,Profit,0.54340017,1
ASMS,18-09-2024,86.60714959,5.566071231,5451.924,0,-4.709015794,0,1,Loss,0.5812509,1
VISHNUINFR,26-09-2024,55.84547659,4.744818653,5411.667,0,0,0,0,Loss,0.54614383,1
NAGAFERT,16-09-2024,62.6727983,8.335802164,5352.682,0.89444924,0,1,0,Profit,0.5470576,1
NAGAFERT,17-09-2024,69.85643793,5.031515587,5352.682,1.86170251,0,1,0,Profit,0.5759334,1
GEECEE,24-09-2024,74.22162653,59.70857073,5343.992,0,-4.030726217,0,1,Loss,0.41392174,0
TCLCONS,19-09-2024,68.20847589,9.010237835,5339.75,0,-3.898016245,0,1,Loss,0.55894923,1
REMSONSIND,17-09-2024,76.95694671,43.95338626,5273.429,0.442721819,0,1,0,Profit,0.45831016,0
UFO,25-09-2024,58.96626812,5.995450395,5187.243,0,-2.454899944,0,1,Loss,0.5442168,1
INDOBORAX,17-09-2024,69.08218124,11.39817833,5164.886,3.162314645,0,1,0,Profit,0.55334973,1
INDOBORAX,18-09-2024,74.10923528,4.696272902,5164.886,0,-5.158711598,0,1,Loss,0.58110696,1
MINDTECK,16-09-2024,67.63519166,4.223667005,5154.267,0.849258352,0,1,0,Profit,0.574572,1
COOLCAPS,13-09-2024,62.81292323,19.60911481,5144.2,3.039057212,0,1,0,Profit,0.5166532,1
COOLCAPS,16-09-2024,66.50266337,10.56827702,5144.2,11.22485991,0,1,0,Profit,0.54974306,1
INTLCONV,13-09-2024,45.66373689,8.544651081,5038.631,9.804149775,0,1,0,Profit,0.52826655,1
INTLCONV,16-09-2024,68.68944825,14.34991146,5038.631,0.569462535,0,1,0,Profit,0.5435339,1
INTLCONV,17-09-2024,72.05352434,4.57571231,5038.631,0,-1.527778129,0,1,Loss,0.58048785,1
MEDICAMEQ,25-09-2024,73.69963072,17.48968959,4856.757,4.005807878,0,1,0,Profit,0.5371573,1
RBMINFRA,13-09-2024,81.80688369,7.631153564,4837.537,0,-5.000260737,0,1,Loss,0.5699256,1
GENUSPAPER,18-09-2024,70.21605447,8.879346502,4782.542,0,-0.103802006,0,1,Loss,0.56288695,1
KANORICHEM,16-09-2024,82.50032258,7.670314351,4769.127,0,-2.573914459,0,1,Loss,0.5688614,1
VSTL,23-09-2024,61.63828672,4.536581669,4751.988,5.134097278,0,1,0,Profit,0.55332446,1
VSTL,24-09-2024,70.02724546,9.09507731,4751.988,0,-0.1639875,0,1,Loss,0.5617415,1
LIBERTSHOE,18-09-2024,67.30499394,4.77180937,4714.116,0,-0.884420884,0,1,Loss,0.5711249,1
TVSELECT,24-09-2024,41.77845142,4.206205196,4673.77,2.284686075,0,1,0,Profit,0.54062593,1
VINSYS,25-09-2024,63.03764356,5.394039735,4666.847,4.00410828,0,1,0,Profit,0.55408496,1
KRITIKA,18-09-2024,78.94737974,5.116858141,4460.19,0,-5.002275548,0,1,Loss,0.58047056,1
KRITIKA,24-09-2024,68.5882344,9.607004079,4460.19,0,-5.00902806,0,1,Loss,0.55606914,1
MUTHOOTCAP,24-09-2024,65.34469821,14.88297583,4416.163,2.175867531,0,1,0,Profit,0.53293234,1
PURVFLEXI,26-09-2024,57.24852395,5.042553191,4405.328,0,0,0,0,Loss,0.5443432,1
AYMSYNTEX,24-09-2024,93.9427269,4.220710616,4394.794,1.999710349,0,1,0,Profit,0.73588514,1
APOLSINHOT,24-09-2024,64.83432054,40.45076487,4334.347,4.349281591,0,1,0,Profit,0.4641141,0
APOLSINHOT,25-09-2024,68.89371649,8.572582703,4334.347,1.414103842,0,1,0,Profit,0.5603461,1
AARTISURF,16-09-2024,77.55102165,12.33806674,4191.561,17.29416418,0,1,0,Profit,0.55569506,1
AARTISURF,17-09-2024,86.43813396,12.52834319,4191.561,0,-1.754871797,0,1,Loss,0.5541121,1
CINELINE,25-09-2024,52.99825727,5.347474724,4175.365,0,-4.163973619,0,1,Loss,0.5400254,1
NIPPOBATRY,17-09-2024,42.82620276,4.315509886,4137,0,-0.490231331,0,1,Loss,0.53938997,1
CRAYONS,25-09-2024,85.20710193,4.4296875,4024.843,0,-5.725331089,0,1,Loss,0.5817526,1
MEDICO,26-09-2024,69.04317231,6.314740939,3991.53,1.942722241,0,1,0,Profit,0.5679032,1
ALANKIT,19-09-2024,41.43484561,7.158569176,3985.906,0,-0.536807477,0,1,Loss,0.5309432,1
SEJALLTD,24-09-2024,89.14635593,5.092814371,3925.365,0,-4.457246139,0,1,Loss,0.63322854,1
SHEMAROO,25-09-2024,61.7437919,10.09413729,3890.645,0,-1.896967982,0,1,Loss,0.539646,1
MODISONLTD,17-09-2024,72.92817965,23.86817664,3777.18,4.088478327,0,1,0,Profit,0.5107837,1
MODISONLTD,18-09-2024,80.68923602,4.199560751,3777.18,0,-6.102988996,0,1,Loss,0.5816941,1
EXXARO,24-09-2024,72.87392714,140.5069211,3758.25,3.879851197,0,1,0,Profit,0.2672939,0
EXXARO,25-09-2024,75.11561121,5.820411764,3758.25,0,-5.060241961,0,1,Loss,0.57842255,1
SAHYADRI,16-09-2024,50.15198499,4.292084293,3727.762,1.155048202,0,1,0,Profit,0.54122996,1
SKP,23-09-2024,56.84316044,4.482490272,3726.7,0,-1.453488332,0,1,Loss,0.5451064,1
MANAKSTEEL,17-09-2024,79.41458686,14.11484804,3683.014,0.087383565,0,1,0,Profit,0.5478606,1
MANAKSTEEL,18-09-2024,79.2251787,4.633759714,3683.014,0,-4.161816879,0,1,Loss,0.58118576,1
UNIVPHOTO,26-09-2024,74.46181346,61.33164723,3666.565,5.069764603,0,1,0,Profit,0.40681362,0
MITTAL,27-09-2024,67.34695466,5.73232173,231.484,0,0,0,0,Loss,0.55894566,1
SINTERCOM,13-09-2024,59.74626758,5.573497944,3632.296,0,-1.417641061,0,1,Loss,0.54458266,1
SINTERCOM,19-09-2024,64.12574766,5.859544518,3632.296,3.959113211,0,1,0,Profit,0.5546813,1
SINTERCOM,20-09-2024,78.36278264,7.680349979,3632.296,3.884504003,0,1,0,Profit,0.57324684,1
PODDARMENT,18-09-2024,49.82597542,7.33036051,3585.65,0,-2.069044292,0,1,Loss,0.5315641,1
UNIVPHOTO,27-09-2024,79.53724039,12.7222439,3666.565,0,0,0,0,Loss,0.5546523,1
PONNIERODE,25-09-2024,53.98849266,5.173418867,3456.994,0,-2.638499424,0,1,Loss,0.5400617,1
ASHIMASYN,18-09-2024,50.1101347,5.019713672,3449.881,0,-2.005080733,0,1,Loss,0.5384898,1
HITECHCORP,19-09-2024,74.25597733,59.42975057,3407.659,4.028419567,0,1,0,Profit,0.41171655,0
HITECHCORP,20-09-2024,76.14075501,5.189762561,3407.659,7.116389285,0,1,0,Profit,0.5795697,1
KNAGRI,17-09-2024,65.86993576,5.538461538,3399.852,3.129570795,0,1,0,Profit,0.5618008,1
LAWSIKHO,16-09-2024,52.0904425,4.621369295,3370.477,0,-0.512087566,0,1,Loss,0.5407264,1
GOLDSTAR,24-09-2024,59.42028745,5.528571429,3369.87,0,-2.985071865,0,1,Loss,0.5435475,1
RUCHIRA,13-09-2024,59.8405693,6.563343926,3341.146,1.565140249,0,1,0,Profit,0.5417367,1
PROV,23-09-2024,65.69864881,6.324324324,3328.656,7.186308489,0,1,0,Profit,0.55862045,1
PROV,24-09-2024,74.52302242,7,3328.656,0,-5.028378331,0,1,Loss,0.5755148,1
OSIAHYPER,17-09-2024,100,6.100292993,3319.282,1.988300524,0,1,0,Profit,0.83004856,1
OSIAHYPER,19-09-2024,100,4.77430045,3319.282,1.97951972,0,1,0,Profit,0.83271724,1
EIFFL,18-09-2024,84.70148022,6.123439614,3271.12,0,-8.457316212,0,1,Loss,0.57459295,1
INFINIUM,18-09-2024,82.03126304,9.090909091,3186.791,16.69520504,0,1,0,Profit,0.5642314,1
INFINIUM,19-09-2024,90.07832898,5.888297872,3186.791,7.887013763,0,1,0,Profit,0.6517881,1
MOS,26-09-2024,75.08704123,9.114073427,3176.794,0,0,0,0,Loss,0.56745625,1
INDTERRAIN,13-09-2024,42.52223903,6.411489424,3155.783,0,-1.627985366,0,1,Loss,0.53176427,1
SHERA,20-09-2024,48.24799662,4.397394137,3123.143,0.965358824,0,1,0,Profit,0.5389774,1
TAKE,18-09-2024,65.38457389,15.28509661,3069.631,0,-3.298868015,0,1,Loss,0.5291959,1
EQUIPPP,23-09-2024,45.80645611,5.499318141,3056.773,0.44583317,0,1,0,Profit,0.5343838,1
SMLT,25-09-2024,67.87484836,43.32827536,3052.13,0,-6.053906174,0,1,Loss,0.45480475,0
LANCORHOL,16-09-2024,46.14500248,9.227996177,3037.5,0,-1.086959303,0,1,Loss,0.52317953,1
PROPEQUITY,24-09-2024,33.82828674,4.408163265,3013.605,0.017604434,0,1,0,Profit,0.5381944,1
REPL,26-09-2024,65.2249826,23.60576392,2985.511,0,-1.64457232,0,1,Loss,0.50507474,1
KMSUGAR,27-09-2024,63.62855115,4.667032155,2580.605,0,0,0,0,Loss,0.5541847,1
VIPCLOTHNG,23-09-2024,55.86061021,6.46991042,2923.917,2.062304934,0,1,0,Profit,0.53593934,1
TIPSFILMS,25-09-2024,76.99492099,17.8590648,2915.354,7.192252484,0,1,0,Profit,0.5322806,1
TIPSFILMS,26-09-2024,83.55037514,26.96651619,2915.354,0,-2.838707927,0,1,Loss,0.49889195,0
VIRINCHI,18-09-2024,52.62581714,6.977715497,2884.652,0,-2.778564019,0,1,Loss,0.53281754,1
ZODIACLOTH,20-09-2024,46.46226619,8.668615777,2777.429,0.147965451,0,1,0,Profit,0.52461004,1
VISHWARAJ,25-09-2024,65.76318484,4.480679228,2666.476,2.944102886,0,1,0,Profit,0.5629512,1
MEGASTAR,25-09-2024,49.04392419,41.13157532,2644.478,0,-3.77515594,0,1,Loss,0.469508,0
BHAGYANGR,17-09-2024,61.43517398,5.858318432,2615.591,0,-2.419132646,0,1,Loss,0.5460024,1
KONSTELEC,17-09-2024,21.84303078,5.85645933,2610.79,0.469876248,0,1,0,Profit,0.5626813,1
ANDHRSUGAR,27-09-2024,45.12521832,4.244697336,12570.907,0,0,0,0,Loss,0.55316234,1
KAPSTON,16-09-2024,61.68768413,4.653208321,2458.413,0,-4.665196625,0,1,Loss,0.5494671,1
THOMASCOTT,20-09-2024,68.26131782,9.312481743,2454.479,1.1921811,0,1,0,Profit,0.55231345,1
THOMASCOTT,24-09-2024,82.67913314,7.436636202,2454.479,0,-4.244379295,0,1,Loss,0.568279,1
PPAP,17-09-2024,56.36180499,4.25151221,2445.1,0,-3.050183022,0,1,Loss,0.5435837,1
DCI,24-09-2024,58.82870539,6.19515497,2399.8,4.489743312,0,1,0,Profit,0.5389155,1
AHLEAST,17-09-2024,69.53044555,9.929144499,2353.4,0.274357655,0,1,0,Profit,0.5532112,1
DRSDILIP,24-09-2024,20.6068234,25.10526316,2274.423,0,-4.999998341,0,1,Loss,0.5859354,1
DEVIT,17-09-2024,47.24026497,4.393501565,2235.548,0,-0.663785602,0,1,Loss,0.53708667,1
DEVIT,25-09-2024,62.33162531,53.61766845,2235.548,0,-0.698957764,0,1,Loss,0.42469648,0
PARAGON,13-09-2024,67.60896204,6.280851064,2169.869,4.18674515,0,1,0,Profit,0.5613611,1
PARAGON,16-09-2024,72.16600216,4.962162162,2169.869,0,-1.821332149,0,1,Loss,0.575992,1
UNITEDPOLY,16-09-2024,67.73998126,64.17943193,2100.067,0,-1.677395363,0,1,Loss,0.39598566,0
UNITEDPOLY,18-09-2024,81.63595366,5.161126196,2100.067,0,-2.132514586,0,1,Loss,0.57667136,1
QMSMEDI,17-09-2024,53.53533622,10.4625,2089.343,1.553833665,0,1,0,Profit,0.5217704,1
UNIHEALTH,25-09-2024,45.06828254,6.788571429,2078.994,2.225047636,0,1,0,Profit,0.52877516,1
VARDMNPOLY,23-09-2024,47.61905086,4.911510732,2039.999,4.931282638,0,1,0,Profit,0.5353776,1
VARDMNPOLY,25-09-2024,63.61655162,6.54991633,2039.999,1.429643197,0,1,0,Profit,0.5484208,1
BAHETI,24-09-2024,51.36149909,4.5,2006.311,1.676121765,0,1,0,Profit,0.5384772,1
ZEELEARN,17-09-2024,56.69291398,6.542985304,2005.47,0,-5.082994889,0,1,Loss,0.5348173,1
SURANAT&P,19-09-2024,78.1796909,4.573087423,1995.671,0,-3.822151192,0,1,Loss,0.5803648,1
DTIL,26-09-2024,58.90250178,8.862924239,1955.958,0.530820697,0,1,0,Profit,0.53303504,1
DENEERS,24-09-2024,77.94405928,28.15243902,1945.046,1.503266644,0,1,0,Profit,0.4968202,0
DENEERS,26-09-2024,84.85525212,7.694751381,1945.046,0,0,0,0,Loss,0.568147,1
CMNL,13-09-2024,60.6751109,6.826185102,1931.988,9.915251651,0,1,0,Profit,0.5406654,1
TARMAT,19-09-2024,71.15183529,10.94940029,1896.969,0,-5.000002742,0,1,Loss,0.5526707,1
INM,13-09-2024,83.81058524,7.094117647,1862.875,0,-1.070631566,0,1,Loss,0.5699254,1
MAXPOSURE,24-09-2024,70.53854352,11.86842105,1861.347,8.758823843,0,1,0,Profit,0.5489149,1
MAXPOSURE,25-09-2024,71.64634591,4.506206897,1861.347,0,-6.297709924,0,1,Loss,0.57588446,1
BAFNAPH,23-09-2024,44.66345547,6.966159395,1853.474,2.656618705,0,1,0,Profit,0.52794266,1
SIGIND,20-09-2024,52.09767726,26.66635749,1819.207,13.81970691,0,1,0,Profit,0.49571553,0
SIGIND,23-09-2024,73.94254024,12.84996435,1819.207,0,-10.26281083,0,1,Loss,0.5487335,1
DHRUV,18-09-2024,49.27217942,7.622178774,1802.246,0,-2.004297146,0,1,Loss,0.5275367,1
SECL,26-09-2024,69.4610814,15.48,1801.596,0,0,0,0,Loss,0.5350573,1
SAKHTISUG,27-09-2024,62.77057957,4.861315818,3541.701,0,0,0,0,Loss,0.55308056,1
GVPTECH,17-09-2024,56.52174364,4.078432861,1750.762,0.513570757,0,1,0,Profit,0.54323137,1
GVPTECH,18-09-2024,67.82333986,6.191114018,1750.762,0,-0.364964901,0,1,Loss,0.5614188,1
EROSMEDIA,18-09-2024,44.97352415,5.347797374,1712.067,0,-2.145211128,0,1,Loss,0.53245044,1
EROSMEDIA,25-09-2024,58.86527317,6.803019015,1712.067,3.629469716,0,1,0,Profit,0.53635406,1
EROSMEDIA,26-09-2024,68.93492994,8.6702361,1712.067,0.627291398,0,1,0,Profit,0.55496085,1
SUPREMEINF,13-09-2024,59.51077581,12.29046092,1708.942,7.094766406,0,2,0,Profit,0.5276127,1
SUPREMEINF,25-09-2024,93.06442411,5.175047356,1708.942,1.996070179,0,1,0,Profit,0.7183063,1
FCSSOFT,27-09-2024,60.00000454,8.482805044,6239.869,0,0,0,0,Loss,0.54278797,1
SMARTLINK,23-09-2024,50.89928097,4.408879646,1704.229,9.99821504,0,1,0,Profit,0.5380176,1
MUKTAARTS,25-09-2024,70.80223416,49.42779821,1680.339,14.16829411,0,1,0,Profit,0.43655774,0
MUKTAARTS,26-09-2024,80.52861929,24.81316425,1680.339,0,-8.657309673,0,1,Loss,0.5048442,1
BSL,17-09-2024,51.45250105,4.196579662,1654.981,0,-3.628472583,0,1,Loss,0.5391321,1
BAGFILMS,26-09-2024,64.29872897,4.144142391,1611.644,0,-2.011741145,0,1,Loss,0.5565586,1
WORTH,17-09-2024,66.62488667,5.149037383,1589.276,3.472306245,0,1,0,Profit,0.5620998,1
SONAMLTD,13-09-2024,52.08203134,23.50611328,1588.27,0,-5.066663954,0,1,Loss,0.5007479,1
SONAMLTD,24-09-2024,70.39238757,10.71745495,1588.27,9.509749447,0,1,0,Profit,0.5514148,1
UNIVASTU,25-09-2024,72.13666127,5.187577789,1579.111,4.998855152,0,1,0,Profit,0.5738052,1
OILCOUNTUB,23-09-2024,23.18981065,6.865862115,1547.919,4.987740255,0,1,0,Profit,0.5535555,1
FIDEL,16-09-2024,54.47619147,4.8,1540.75,3.940104264,0,1,0,Profit,0.53872085,1
FIDEL,23-09-2024,67.15687643,4.741935484,1540.75,2.156129291,0,1,0,Profit,0.56481457,1
FIDEL,26-09-2024,80.44239154,5.678111588,1540.75,0,0,0,0,Loss,0.5763278,1
VEEKAYEM,18-09-2024,59.93716209,5.25,1531.215,4.962478745,0,1,0,Profit,0.5424921,1
TOUCHWOOD,16-09-2024,53.60457589,5.326233886,1503.725,4.997208539,0,1,0,Profit,0.53609407,1
PALREDTEC,23-09-2024,79.06871884,32.07725355,1454.452,7.43381652,0,1,0,Profit,0.48535696,0
PALREDTEC,24-09-2024,84.23149286,11.30621072,1454.452,0,-7.407689158,0,1,Loss,0.5546833,1
KOHINOOR,16-09-2024,71.93547752,48.18999421,1436.522,8.712359293,0,1,0,Profit,0.43979037,0
KOHINOOR,17-09-2024,81.09793273,9.184636457,1436.522,0,-6.207031736,0,1,Loss,0.56433487,1
RHFL,26-09-2024,86.36363278,4.016066423,1429.439,4.905655522,0,1,0,Profit,0.587006,1
CUBEXTUB,25-09-2024,51.28701962,4.038158085,1421.874,0,-0.417222118,0,1,Loss,0.5392467,1
AGRITECH,18-09-2024,72.97708543,4.259334876,1344.816,0,-3.641018815,0,1,Loss,0.5783731,1
PASHUPATI,23-09-2024,78.50706617,6,1317.481,0,0,0,0,Loss,0.57633674,1
PATINTLOG,13-09-2024,40.76792836,6.734587735,1294.944,0,-2.358682066,0,1,Loss,0.5281108,1
PATINTLOG,18-09-2024,53.08314275,4.891430939,1294.944,0,-3.98593377,0,1,Loss,0.53701127,1
AUSOMENT,16-09-2024,48.81516622,4.802473763,1254.729,0,-0.051682741,0,1,Loss,0.5350029,1
AUSOMENT,24-09-2024,68.70450267,6.481965078,1254.729,4.994642488,0,1,0,Profit,0.5614867,1
DANGEE,16-09-2024,69.82757611,37.16625988,1247.198,5.408663214,0,1,0,Profit,0.46933457,0
DANGEE,17-09-2024,74.16974059,12.11167383,1247.198,0,-2.166482601,0,1,Loss,0.55037415,1
BVCL,25-09-2024,36.82169912,12.57253136,1214.368,2.704541806,0,1,0,Profit,0.5178153,1
GOYALALUM,13-09-2024,69.46108297,5.66244253,1213.229,0,-0.501506413,0,1,Loss,0.5654471,1
TRANSTEEL,26-09-2024,80.98363231,5.296875,1211.72,0,0,0,0,Loss,0.5766689,1
BHANDARI,19-09-2024,48.87217209,10.53739114,1209.442,0,-2.063275045,0,1,Loss,0.5175183,1
MOTOGENFIN,18-09-2024,72.72726602,4.091500312,1181.179,0,-2.421817091,0,1,Loss,0.57837534,1
SHAHALLOYS,24-09-2024,70.58486338,39.11728007,1175.974,3.568189646,0,1,0,Profit,0.46399927,0
SHAHALLOYS,25-09-2024,73.23561284,6.177676609,1175.974,4.885641502,0,1,0,Profit,0.57193416,1
LOTUSEYE,26-09-2024,56.41456346,6.525803222,1157.316,0,-1.94235964,0,1,Loss,0.53330505,1
STEELCITY,20-09-2024,49.94738904,4.040263294,1121.702,0,-1.304605348,0,1,Loss,0.5378282,1
LPDC,16-09-2024,72.82608921,4.43803884,1066.438,0,-5.039793345,0,1,Loss,0.57743824,1
SIMBHALS,20-09-2024,27.67999268,4.875006675,1021.656,0.467657209,0,1,0,Profit,0.5361819,1
GLOBALPET,23-09-2024,62.96295444,9.969230769,1012.997,2.604853817,0,1,0,Profit,0.5358455,1
GLOBALPET,24-09-2024,68.24769012,4.666666667,1012.997,0,-1.032699638,0,1,Loss,0.56633985,1
PKTEA,26-09-2024,70.86671263,7.726829268,1010.34,2.118171683,0,1,0,Profit,0.5606248,1
ARCHIES,26-09-2024,60.29317248,10.86946018,1001.577,0,-3.682390222,0,1,Loss,0.5306723,1
OBCL,26-09-2024,49.41636436,5.911808524,995.108,0.052217196,0,1,0,Profit,0.53149813,1
BIOFILCHEM,13-09-2024,80.62881784,69.44433364,986.192,14.86766841,0,1,0,Profit,0.38063332,0
BIOFILCHEM,16-09-2024,87.7485671,7.165264312,986.192,0,-8.662749141,0,1,Loss,0.597389,1
SAMBHAAV,26-09-2024,72.6495413,4.335268189,974.665,0,-2.643850762,0,1,Loss,0.5773737,1
GANGAFORGE,19-09-2024,54.3147253,5.40694613,965.39,0,-4.905245496,0,1,Loss,0.5353507,1
MHHL,16-09-2024,63.59223202,7.058823529,962.856,0,-4.574134789,0,1,Loss,0.54529804,1
VASWANI,24-09-2024,63.99131226,8.52752224,945,0,-1.149424185,0,1,Loss,0.5416995,1
RANASUG,27-09-2024,56.53495723,5.236220057,2979.216,0,0,0,0,Loss,0.54080164,1
HISARMETAL,24-09-2024,70.99162718,39.05465701,938.25,0,-4.739814222,0,1,Loss,0.4638811,0
SECMARK,18-09-2024,49.1823909,5.192913086,935.429,0,-5.770026488,0,1,Loss,0.53347504,1
PRESSTONIC,13-09-2024,67.32790498,10.46875,930.293,9.509073995,0,1,0,Profit,0.5437236,1
PRESSTONIC,16-09-2024,74.61469803,8.216666667,930.293,0,-4.412283988,0,1,Loss,0.56655943,1
DOLLEX,16-09-2024,74.38597412,12.62068966,913.829,0,-0.225985252,0,1,Loss,0.5480541,1
ARIHANTACA,19-09-2024,45.63445991,43.67647059,908.28,0,-2.906355795,0,1,Loss,0.4649527,0
PANACHE,23-09-2024,42.35568618,4.533930965,892.2,1.996776219,0,1,0,Profit,0.5338123,1
BABAFP,16-09-2024,44.97354946,4.432835821,855.504,3.782286362,0,1,0,Profit,0.5338198,1
PIGL,13-09-2024,67.94394575,5.433110871,833.741,1.998189892,0,1,0,Profit,0.5627434,1
SPAL,27-09-2024,43.15571412,14.20783842,14566.254,0,0,0,0,Loss,0.5311099,1
ALPA,27-09-2024,63.22321743,16.44985386,1751.63,0,0,0,0,Loss,0.51818204,1
LATTEYS,17-09-2024,66.00001621,9.539628644,784.818,4.981772036,0,1,0,Profit,0.5430718,1
LATTEYS,19-09-2024,79.22222969,6.037500736,784.818,4.390244252,0,1,0,Profit,0.57554173,1
PNC,13-09-2024,54.20191083,6.756702469,783.388,3.731237633,0,1,0,Profit,0.53083646,1
PNC,25-09-2024,69.01365696,23.42618428,783.388,0,-9.177697694,0,1,Loss,0.504148,1
MONOPHARMA,25-09-2024,59.65516724,10.43181818,779.184,1.492533489,0,1,0,Profit,0.52981895,1
MONOPHARMA,26-09-2024,68.7732303,4.168421053,779.184,0,0,0,0,Loss,0.5683651,1
VERTEXPLUS,26-09-2024,27.5784784,11,776.733,0,0,0,0,Loss,0.52827406,1
MARCO,23-09-2024,63.46154849,5.418367347,758.244,1.543626209,0,1,0,Profit,0.5487278,1
GTECJAINX,25-09-2024,54.91718441,8.291148664,738.2,0,-5.008081119,0,1,Loss,0.5266417,1
SHUBHLAXMI,18-09-2024,74.30168122,5.625,732.493,0,-0.505900912,0,1,Loss,0.57576984,1
CPS,17-09-2024,50.33808935,6.387096774,724.5,10.21126761,0,2,0,Profit,0.53005004,1
CPS,18-09-2024,53.25318622,10.44,724.5,4.963107709,0,1,0,Profit,0.5194315,1
CPS,19-09-2024,55.54808293,4.058823529,724.5,0,0,0,0,Loss,0.54097354,1
SHIVAMILLS,24-09-2024,65.28998923,10.4918362,715.11,0,-6.538959686,0,1,Loss,0.53847814,1
CEREBRAINT,20-09-2024,40.89888397,6.682887113,705.515,1.972680343,0,1,0,Profit,0.52734447,1
VIAZ,26-09-2024,56.71077341,4.333333333,624.801,0,0,0,0,Loss,0.54056257,1
BANG,16-09-2024,69.2596581,19.83697264,622.404,3.507706363,0,1,0,Profit,0.515309,1
MANUGRAPH,17-09-2024,47.08122307,8.739505082,618.946,2.863776187,0,1,0,Profit,0.52119416,1
UCL,25-09-2024,90.98361681,6,614.813,6.055902847,0,1,0,Profit,0.6737453,1
UCL,26-09-2024,94.50000763,10.28571429,614.813,0,0,0,0,Loss,0.7301818,1
BANARBEADS,26-09-2024,68.65865138,77.08291536,587.637,0,-1.906979978,0,1,Loss,0.35879374,0
PEARLPOLY,17-09-2024,70.00856427,9.662815468,565.654,0,-1.917084222,0,1,Loss,0.5517504,1
PEARLPOLY,19-09-2024,74.15013586,11.72594916,565.654,0,-6.861439693,0,1,Loss,0.5505377,1
SILGO,17-09-2024,72.49765774,12.20627666,544.31,10.25136312,0,1,0,Profit,0.54839504,1
SILGO,18-09-2024,81.44413468,4.873234822,544.31,0,-10.01189408,0,1,Loss,0.57729554,1
AKASH,23-09-2024,43.39151301,5.629798856,527.797,0.504797497,0,1,0,Profit,0.5299432,1
ICDSLTD,17-09-2024,29.47811766,4.510194835,500.877,1.996552574,0,1,0,Profit,0.5349082,1
ITALIANE,16-09-2024,66.88742514,4.343023256,464.741,0,-1.565997206,0,1,Loss,0.5638238,1
KHANDSE,17-09-2024,33.72091476,4.059872555,447.699,0,-2.462010139,0,1,Loss,0.53528774,1
TECHIN,16-09-2024,100,7.369820829,442.673,0,-35.42082533,0,1,Loss,0.8291627,1
PATTECH,16-09-2024,69.72973798,4.2,440.22,3.738317757,0,1,0,Profit,0.56916815,1
BINANIIND,18-09-2024,92.15190075,8.775230699,437.558,0,-5.041628632,0,1,Loss,0.6885384,1
KRIDHANINF,19-09-2024,59.99999585,5.31617423,435.984,0,-5.050505245,0,1,Loss,0.54070413,1
JFLLIFE,13-09-2024,73.52940582,11.8125,432.789,0,-65.00488583,0,1,Loss,0.5498762,1
JFLLIFE,17-09-2024,20.91108109,8.038636364,432.789,0,-4.98614504,0,1,Loss,0.5671723,1
ARISTO,24-09-2024,70.49036418,17.15625,425.147,3.758168641,0,1,0,Profit,0.52710617,1
DKEGL,13-09-2024,47.61904762,5.108108108,420.448,0,-5.519480519,0,1,Loss,0.5321678,1
DESTINY,17-09-2024,100,4.04784689,418.554,4.946992783,0,1,0,Profit,0.8361241,1
DESTINY,25-09-2024,100,7.246753247,418.554,4.971404707,0,1,0,Profit,0.82946944,1
ONELIFECAP,16-09-2024,58.04596599,4.0591632,404.14,4.970917724,0,1,0,Profit,0.54217374,1
INSPIRE,26-09-2024,59.78259157,5.917808219,400.113,0,0,0,0,Loss,0.53858054,1
EDUCOMP,16-09-2024,39.28568083,16.70980066,391.895,0,0,0,0,Loss,0.5080525,1
SUPERSPIN,17-09-2024,62.90324069,4.562531887,368.5,4.933915834,0,1,0,Profit,0.54908836,1
CYBERMEDIA,24-09-2024,35.33952103,8.01666554,364.263,0,-0.116101728,0,1,Loss,0.52516115,1
WILLAMAGOR,13-09-2024,53.96985506,112.5423986,362.108,0,-1.157812962,0,1,Loss,0.38150966,0
JIWANRAM,16-09-2024,61.16505286,12.85714286,344,19.75307843,0,1,0,Profit,0.52459466,1
JIWANRAM,17-09-2024,75.60975553,13.12048193,344,8.247424809,0,1,0,Profit,0.54555947,1
JIWANRAM,18-09-2024,85.24589839,4.41,344,0,-9.285717919,0,1,Loss,0.58083534,1
MEGAFLEX,17-09-2024,79.6875,10.08,326.112,4.994691449,0,1,0,Profit,0.56282276,1
KEEPLEARN,13-09-2024,100,7.813080905,315.317,4.974270423,0,1,0,Profit,0.82819825,1
KCK,13-09-2024,41.26891673,13.06451613,306.9,4.823555314,0,1,0,Profit,0.51286364,1
AGUL,13-09-2024,72.59475018,4.5,298.055,4.870853213,0,1,0,Profit,0.5757716,1
BOHRAIND,16-09-2024,100,5.503834705,269.501,0,0,0,0,Loss,0.83334124,1
BOHRAIND,23-09-2024,100,23.89361954,269.501,0,0,0,0,Loss,0.789674,1
VILINBIO,24-09-2024,47.52475397,4.090909091,265.05,0,-2.631578947,0,1,Loss,0.5349606,1
SUNREST,26-09-2024,50.83207148,4.909090909,261.978,0,0,0,0,Loss,0.5340239,1
SAHAJ,17-09-2024,34.42623258,4.965517241,254.804,1.608585258,0,1,0,Profit,0.5322715,1
SAHAJ,18-09-2024,40.29852531,5.522727273,254.804,0,-5.80475112,0,1,Loss,0.5301132,1
QUADPRO,13-09-2024,36.95652219,4.5,250.223,0,0,0,0,Loss,0.5334058,1
MASKINVEST,16-09-2024,75.45455591,5.163470607,234.66,4.990991785,0,1,0,Profit,0.5768149,1
MASKINVEST,17-09-2024,83.42923486,4.570269722,234.66,4.995959686,0,1,0,Profit,0.57933044,1
TIMESGTY,27-09-2024,58.4980337,18.3626955,809.383,0,0,0,0,Loss,0.50951225,1
KSHITIJPOL,17-09-2024,53.40910353,6.703233977,230.468,2.945987306,0,1,0,Profit,0.5297338,1
KSHITIJPOL,18-09-2024,61.53847162,6.80709219,230.468,3.815584251,0,1,0,Profit,0.5399285,1
KANDARP,24-09-2024,85.71427874,6.46875,214.455,0,-5.650226952,0,1,Loss,0.57286835,1
PLADAINFO,23-09-2024,62.10526259,8,211.778,0,0,0,0,Loss,0.5383334,1
WINSOME,23-09-2024,31.24998758,5.870114612,208.586,0,-0.724631255,0,1,Loss,0.5310832,1
SHANTI,23-09-2024,74.89626815,7.523442264,163.258,9.651038403,0,1,0,Profit,0.5690056,1
SHANTI,24-09-2024,83.02468927,16.05179974,163.258,1.541518929,0,1,0,Profit,0.5384145,1
MANAV,26-09-2024,78.70370174,10.8,153.81,0,0,0,0,Loss,0.5592739,1
NORBTEAEXP,19-09-2024,97.32441728,4.060932673,152.75,0,-2.010624713,0,1,Loss,0.7979076,1
TARAPUR,18-09-2024,100,9.646470337,151.125,0,-1.999997078,0,1,Loss,0.82391524,1
VIVO,17-09-2024,38.61004771,18,147.397,0,0,0,0,Loss,0.50592107,1
AMIABLE,18-09-2024,38.20896433,4.5,131.115,0,0,0,0,Loss,0.53311145,1
AMIABLE,20-09-2024,64.91227757,22.5,131.115,0.754937906,0,1,0,Profit,0.5028603,1
BKMINDST,23-09-2024,100,6.957473084,117.961,0,0,0,0,Loss,0.83035046,1
SHYAMTEL,16-09-2024,32.02614562,12.97705252,100.867,0,-4.822506713,0,1,Loss,0.5184374,1
